"Verse","Word","Proper Noun"
"050101","Τὸν",""
"050101","μὲν",""
"050101","πρῶτον",""
"050101","λόγον",""
"050101","ἐποιησάμην",""
"050101","περὶ",""
"050101","πάντων",""
"050101","ὦ",""
"050101","Θεόφιλε","TRUE,PERSON"
"050101","ὧν",""
"050101","ἤρξατο",""
"050101","ὁ",""
"050101","Ἰησοῦς","TRUE,PERSON"
"050101","ποιεῖν",""
"050101","τε",""
"050101","καὶ",""
"050101","διδάσκειν",""
"050102","ἄχρι",""
"050102","ἧς",""
"050102","ἡμέρας",""
"050102","ἐντειλάμενος",""
"050102","τοῖς",""
"050102","ἀποστόλοις","TRUE,GROUP"
"050102","διὰ",""
"050102","πνεύματος","TRUE,DIVINE"
"050102","ἁγίου","TRUE,DIVINE"
"050102","οὓς",""
"050102","ἐξελέξατο",""
"050102","ἀνελήμφθη",""
"050103","οἷς",""
"050103","καὶ",""
"050103","παρέστησεν",""
"050103","ἑαυτὸν",""
"050103","ζῶντα",""
"050103","μετὰ",""
"050103","τὸ",""
"050103","παθεῖν",""
"050103","αὐτὸν",""
"050103","ἐν",""
"050103","πολλοῖς",""
"050103","τεκμηρίοις",""
"050103","δι’",""
"050103","ἡμερῶν",""
"050103","τεσσεράκοντα",""
"050103","ὀπτανόμενος",""
"050103","αὐτοῖς",""
"050103","καὶ",""
"050103","λέγων",""
"050103","τὰ",""
"050103","περὶ",""
"050103","τῆς",""
"050103","βασιλείας",""
"050103","τοῦ",""
"050103","θεοῦ","TRUE,DIVINE"
"050104","καὶ",""
"050104","συναλιζόμενος",""
"050104","παρήγγειλεν",""
"050104","αὐτοῖς",""
"050104","ἀπὸ",""
"050104","Ἱεροσολύμων","TRUE,GPE"
"050104","μὴ",""
"050104","χωρίζεσθαι",""
"050104","ἀλλὰ",""
"050104","περιμένειν",""
"050104","τὴν",""
"050104","ἐπαγγελίαν",""
"050104","τοῦ",""
"050104","πατρὸς","TRUE,DIVINE"
"050104","ἣν",""
"050104","ἠκούσατέ",""
"050104","μου",""
"050105","ὅτι",""
"050105","Ἰωάννης","TRUE,PERSON"
"050105","μὲν",""
"050105","ἐβάπτισεν",""
"050105","ὕδατι",""
"050105","ὑμεῖς",""
"050105","δὲ",""
"050105","ἐν",""
"050105","πνεύματι","TRUE,DIVINE"
"050105","βαπτισθήσεσθε",""
"050105","ἁγίῳ",""
"050105","οὐ",""
"050105","μετὰ",""
"050105","πολλὰς",""
"050105","ταύτας",""
"050105","ἡμέρας",""
"050106","Οἱ",""
"050106","μὲν",""
"050106","οὖν",""
"050106","συνελθόντες",""
"050106","ἠρώτων",""
"050106","αὐτὸν",""
"050106","λέγοντες",""
"050106","Κύριε","TRUE,TITLE"
"050106","εἰ",""
"050106","ἐν",""
"050106","τῷ",""
"050106","χρόνῳ",""
"050106","τούτῳ",""
"050106","ἀποκαθιστάνεις",""
"050106","τὴν",""
"050106","βασιλείαν",""
"050106","τῷ",""
"050106","Ἰσραήλ","TRUE,GROUP"
"050107","εἶπεν",""
"050107","δὲ",""
"050107","πρὸς",""
"050107","αὐτούς",""
"050107","Οὐχ",""
"050107","ὑμῶν",""
"050107","ἐστιν",""
"050107","γνῶναι",""
"050107","χρόνους",""
"050107","ἢ",""
"050107","καιροὺς",""
"050107","οὓς",""
"050107","ὁ",""
"050107","πατὴρ","TRUE,DIVINE"
"050107","ἔθετο",""
"050107","ἐν",""
"050107","τῇ",""
"050107","ἰδίᾳ",""
"050107","ἐξουσίᾳ",""
"050108","ἀλλὰ",""
"050108","λήμψεσθε",""
"050108","δύναμιν",""
"050108","ἐπελθόντος",""
"050108","τοῦ",""
"050108","ἁγίου","TRUE,DIVINE"
"050108","πνεύματος","TRUE,DIVINE"
"050108","ἐφ’",""
"050108","ὑμᾶς",""
"050108","καὶ",""
"050108","ἔσεσθέ",""
"050108","μου",""
"050108","μάρτυρες",""
"050108","ἔν",""
"050108","τε",""
"050108","Ἰερουσαλὴμ","TRUE,GPE"
"050108","καὶ",""
"050108","ἐν",""
"050108","πάσῃ",""
"050108","τῇ",""
"050108","Ἰουδαίᾳ","TRUE,GPE"
"050108","καὶ",""
"050108","Σαμαρείᾳ","TRUE,GPE"
"050108","καὶ",""
"050108","ἕως",""
"050108","ἐσχάτου",""
"050108","τῆς",""
"050108","γῆς",""
"050109","καὶ",""
"050109","ταῦτα",""
"050109","εἰπὼν",""
"050109","βλεπόντων",""
"050109","αὐτῶν",""
"050109","ἐπήρθη",""
"050109","καὶ",""
"050109","νεφέλη",""
"050109","ὑπέλαβεν",""
"050109","αὐτὸν",""
"050109","ἀπὸ",""
"050109","τῶν",""
"050109","ὀφθαλμῶν",""
"050109","αὐτῶν",""
"050110","καὶ",""
"050110","ὡς",""
"050110","ἀτενίζοντες",""
"050110","ἦσαν",""
"050110","εἰς",""
"050110","τὸν",""
"050110","οὐρανὸν",""
"050110","πορευομένου",""
"050110","αὐτοῦ",""
"050110","καὶ",""
"050110","ἰδοὺ",""
"050110","ἄνδρες",""
"050110","δύο",""
"050110","παρειστήκεισαν",""
"050110","αὐτοῖς",""
"050110","ἐν",""
"050110","ἐσθήσεσι",""
"050110","λευκαῖς",""
"050111","οἳ",""
"050111","καὶ",""
"050111","εἶπαν",""
"050111","Ἄνδρες","TRUE,GROUP"
"050111","Γαλιλαῖοι","TRUE,GROUP"
"050111","τί",""
"050111","ἑστήκατε",""
"050111","βλέποντες",""
"050111","εἰς",""
"050111","τὸν",""
"050111","οὐρανόν",""
"050111","οὗτος",""
"050111","ὁ",""
"050111","Ἰησοῦς","TRUE,PERSON"
"050111","ὁ",""
"050111","ἀναλημφθεὶς",""
"050111","ἀφ’",""
"050111","ὑμῶν",""
"050111","εἰς",""
"050111","τὸν",""
"050111","οὐρανόν",""
"050111","οὕτως",""
"050111","ἐλεύσεται",""
"050111","ὃν",""
"050111","τρόπον",""
"050111","ἐθεάσασθε",""
"050111","αὐτὸν",""
"050111","πορευόμενον",""
"050111","εἰς",""
"050111","τὸν",""
"050111","οὐρανόν",""
"050112","Τότε",""
"050112","ὑπέστρεψαν",""
"050112","εἰς",""
"050112","Ἰερουσαλὴμ","TRUE,GPE"
"050112","ἀπὸ",""
"050112","ὄρους",""
"050112","τοῦ",""
"050112","καλουμένου",""
"050112","Ἐλαιῶνος","TRUE,LOC"
"050112","ὅ",""
"050112","ἐστιν",""
"050112","ἐγγὺς",""
"050112","Ἰερουσαλὴμ","TRUE,GPE"
"050112","σαββάτου",""
"050112","ἔχον",""
"050112","ὁδόν",""
"050113","καὶ",""
"050113","ὅτε",""
"050113","εἰσῆλθον",""
"050113","εἰς",""
"050113","τὸ",""
"050113","ὑπερῷον",""
"050113","ἀνέβησαν",""
"050113","οὗ",""
"050113","ἦσαν",""
"050113","καταμένοντες",""
"050113","ὅ",""
"050113","τε",""
"050113","Πέτρος","TRUE,PERSON"
"050113","καὶ",""
"050113","Ἰωάννης","TRUE,PERSON"
"050113","καὶ",""
"050113","Ἰάκωβος","TRUE,PERSON"
"050113","καὶ",""
"050113","Ἀνδρέας","TRUE,PERSON"
"050113","Φίλιππος","TRUE,PERSON"
"050113","καὶ",""
"050113","Θωμᾶς","TRUE,PERSON"
"050113","Βαρθολομαῖος","TRUE,PERSON"
"050113","καὶ",""
"050113","Μαθθαῖος","TRUE,PERSON"
"050113","Ἰάκωβος","TRUE,PERSON"
"050113","Ἁλφαίου","TRUE,PERSON"
"050113","καὶ",""
"050113","Σίμων","TRUE,PERSON"
"050113","ὁ",""
"050113","ζηλωτὴς","TRUE,ORG"
"050113","καὶ",""
"050113","Ἰούδας","TRUE,PERSON"
"050113","Ἰακώβου","TRUE,PERSON"
"050114","οὗτοι",""
"050114","πάντες",""
"050114","ἦσαν",""
"050114","προσκαρτεροῦντες",""
"050114","ὁμοθυμαδὸν",""
"050114","τῇ",""
"050114","προσευχῇ",""
"050114","σὺν",""
"050114","γυναιξὶν",""
"050114","καὶ",""
"050114","Μαριὰμ","TRUE,PERSON"
"050114","τῇ",""
"050114","μητρὶ",""
"050114","τοῦ",""
"050114","Ἰησοῦ","TRUE,PERSON"
"050114","καὶ",""
"050114","σὺν",""
"050114","τοῖς",""
"050114","ἀδελφοῖς",""
"050114","αὐτοῦ",""
"050115","Καὶ",""
"050115","ἐν",""
"050115","ταῖς",""
"050115","ἡμέραις",""
"050115","ταύταις",""
"050115","ἀναστὰς",""
"050115","Πέτρος","TRUE,PERSON"
"050115","ἐν",""
"050115","μέσῳ",""
"050115","τῶν",""
"050115","ἀδελφῶν",""
"050115","εἶπεν",""
"050115","ἦν",""
"050115","τε",""
"050115","ὄχλος",""
"050115","ὀνομάτων",""
"050115","ἐπὶ",""
"050115","τὸ",""
"050115","αὐτὸ",""
"050115","ὡς",""
"050115","ἑκατὸν",""
"050115","εἴκοσι",""
"050116","Ἄνδρες",""
"050116","ἀδελφοί",""
"050116","ἔδει",""
"050116","πληρωθῆναι",""
"050116","τὴν",""
"050116","γραφὴν",""
"050116","ἣν",""
"050116","προεῖπε",""
"050116","τὸ",""
"050116","πνεῦμα","TRUE,DIVINE"
"050116","τὸ",""
"050116","ἅγιον",""
"050116","διὰ",""
"050116","στόματος",""
"050116","Δαυὶδ","TRUE,PERSON"
"050116","περὶ",""
"050116","Ἰούδα","TRUE,PERSON"
"050116","τοῦ",""
"050116","γενομένου",""
"050116","ὁδηγοῦ",""
"050116","τοῖς",""
"050116","συλλαβοῦσιν",""
"050116","Ἰησοῦν","TRUE,PERSON"
"050117","ὅτι",""
"050117","κατηριθμημένος",""
"050117","ἦν",""
"050117","ἐν",""
"050117","ἡμῖν",""
"050117","καὶ",""
"050117","ἔλαχεν",""
"050117","τὸν",""
"050117","κλῆρον",""
"050117","τῆς",""
"050117","διακονίας",""
"050117","ταύτης",""
"050118","Οὗτος",""
"050118","μὲν",""
"050118","οὖν",""
"050118","ἐκτήσατο",""
"050118","χωρίον",""
"050118","ἐκ",""
"050118","μισθοῦ",""
"050118","τῆς",""
"050118","ἀδικίας",""
"050118","καὶ",""
"050118","πρηνὴς",""
"050118","γενόμενος",""
"050118","ἐλάκησεν",""
"050118","μέσος",""
"050118","καὶ",""
"050118","ἐξεχύθη",""
"050118","πάντα",""
"050118","τὰ",""
"050118","σπλάγχνα",""
"050118","αὐτοῦ",""
"050119","καὶ",""
"050119","γνωστὸν",""
"050119","ἐγένετο",""
"050119","πᾶσι",""
"050119","τοῖς",""
"050119","κατοικοῦσιν",""
"050119","Ἰερουσαλήμ","TRUE,GPE"
"050119","ὥστε",""
"050119","κληθῆναι",""
"050119","τὸ",""
"050119","χωρίον",""
"050119","ἐκεῖνο",""
"050119","τῇ",""
"050119","ἰδίᾳ",""
"050119","διαλέκτῳ",""
"050119","αὐτῶν",""
"050119","Ἁκελδαμάχ","TRUE,LOC"
"050119","τοῦτ’",""
"050119","ἔστιν",""
"050119","Χωρίον","TRUE,LOC"
"050119","Αἵματος","TRUE,LOC"
"050120","γέγραπται",""
"050120","γὰρ",""
"050120","ἐν",""
"050120","βίβλῳ","TRUE,BOOK"
"050120","ψαλμῶν","TRUE,BOOK"
"050120","Γενηθήτω",""
"050120","ἡ",""
"050120","ἔπαυλις",""
"050120","αὐτοῦ",""
"050120","ἔρημος",""
"050120","καὶ",""
"050120","μὴ",""
"050120","ἔστω",""
"050120","ὁ",""
"050120","κατοικῶν",""
"050120","ἐν",""
"050120","αὐτῇ",""
"050120","καί",""
"050120","Τὴν",""
"050120","ἐπισκοπὴν",""
"050120","αὐτοῦ",""
"050120","λαβέτω",""
"050120","ἕτερος",""
"050121","δεῖ",""
"050121","οὖν",""
"050121","τῶν",""
"050121","συνελθόντων",""
"050121","ἡμῖν",""
"050121","ἀνδρῶν",""
"050121","ἐν",""
"050121","παντὶ",""
"050121","χρόνῳ",""
"050121","ᾧ",""
"050121","εἰσῆλθεν",""
"050121","καὶ",""
"050121","ἐξῆλθεν",""
"050121","ἐφ’",""
"050121","ἡμᾶς",""
"050121","ὁ",""
"050121","κύριος","TRUE,TITLE"
"050121","Ἰησοῦς","TRUE,PERSON"
"050122","ἀρξάμενος",""
"050122","ἀπὸ",""
"050122","τοῦ",""
"050122","βαπτίσματος",""
"050122","Ἰωάννου","TRUE,PERSON"
"050122","ἕως",""
"050122","τῆς",""
"050122","ἡμέρας",""
"050122","ἧς",""
"050122","ἀνελήμφθη",""
"050122","ἀφ’",""
"050122","ἡμῶν",""
"050122","μάρτυρα",""
"050122","τῆς",""
"050122","ἀναστάσεως",""
"050122","αὐτοῦ",""
"050122","σὺν",""
"050122","ἡμῖν",""
"050122","γενέσθαι",""
"050122","ἕνα",""
"050122","τούτων",""
"050123","καὶ",""
"050123","ἔστησαν",""
"050123","δύο",""
"050123","Ἰωσὴφ","TRUE,PERSON"
"050123","τὸν",""
"050123","καλούμενον",""
"050123","Βαρσαββᾶν","TRUE,PERSON"
"050123","ὃς",""
"050123","ἐπεκλήθη",""
"050123","Ἰοῦστος","TRUE,PERSON"
"050123","καὶ",""
"050123","Μαθθίαν","TRUE,PERSON"
"050124","καὶ",""
"050124","προσευξάμενοι",""
"050124","εἶπαν",""
"050124","Σὺ",""
"050124","κύριε","TRUE,TITLE"
"050124","καρδιογνῶστα",""
"050124","πάντων",""
"050124","ἀνάδειξον",""
"050124","ὃν",""
"050124","ἐξελέξω",""
"050124","ἐκ",""
"050124","τούτων",""
"050124","τῶν",""
"050124","δύο",""
"050124","ἕνα",""
"050125","λαβεῖν",""
"050125","τὸν",""
"050125","τόπον",""
"050125","τῆς",""
"050125","διακονίας",""
"050125","ταύτης",""
"050125","καὶ",""
"050125","ἀποστολῆς",""
"050125","ἀφ’",""
"050125","ἧς",""
"050125","παρέβη",""
"050125","Ἰούδας","TRUE,PERSON"
"050125","πορευθῆναι",""
"050125","εἰς",""
"050125","τὸν",""
"050125","τόπον",""
"050125","τὸν",""
"050125","ἴδιον",""
"050126","καὶ",""
"050126","ἔδωκαν",""
"050126","κλήρους",""
"050126","αὐτοῖς",""
"050126","καὶ",""
"050126","ἔπεσεν",""
"050126","ὁ",""
"050126","κλῆρος",""
"050126","ἐπὶ",""
"050126","Μαθθίαν","TRUE,PERSON"
"050126","καὶ",""
"050126","συγκατεψηφίσθη",""
"050126","μετὰ",""
"050126","τῶν",""
"050126","ἕνδεκα",""
"050126","ἀποστόλων","TRUE,GROUP"
"050201","Καὶ",""
"050201","ἐν",""
"050201","τῷ",""
"050201","συμπληροῦσθαι",""
"050201","τὴν",""
"050201","ἡμέραν",""
"050201","τῆς",""
"050201","πεντηκοστῆς","TRUE,EVENT"
"050201","ἦσαν",""
"050201","πάντες",""
"050201","ὁμοῦ",""
"050201","ἐπὶ",""
"050201","τὸ",""
"050201","αὐτό",""
"050202","καὶ",""
"050202","ἐγένετο",""
"050202","ἄφνω",""
"050202","ἐκ",""
"050202","τοῦ",""
"050202","οὐρανοῦ",""
"050202","ἦχος",""
"050202","ὥσπερ",""
"050202","φερομένης",""
"050202","πνοῆς",""
"050202","βιαίας",""
"050202","καὶ",""
"050202","ἐπλήρωσεν",""
"050202","ὅλον",""
"050202","τὸν",""
"050202","οἶκον",""
"050202","οὗ",""
"050202","ἦσαν",""
"050202","καθήμενοι",""
"050203","καὶ",""
"050203","ὤφθησαν",""
"050203","αὐτοῖς",""
"050203","διαμεριζόμεναι",""
"050203","γλῶσσαι",""
"050203","ὡσεὶ",""
"050203","πυρός",""
"050203","καὶ",""
"050203","ἐκάθισεν",""
"050203","ἐφ’",""
"050203","ἕνα",""
"050203","ἕκαστον",""
"050203","αὐτῶν",""
"050204","καὶ",""
"050204","ἐπλήσθησαν",""
"050204","πάντες",""
"050204","πνεύματος","TRUE,DIVINE"
"050204","ἁγίου","TRUE,DIVINE"
"050204","καὶ",""
"050204","ἤρξαντο",""
"050204","λαλεῖν",""
"050204","ἑτέραις",""
"050204","γλώσσαις",""
"050204","καθὼς",""
"050204","τὸ",""
"050204","πνεῦμα","TRUE,DIVINE"
"050204","ἐδίδου",""
"050204","ἀποφθέγγεσθαι",""
"050204","αὐτοῖς",""
"050205","Ἦσαν",""
"050205","δὲ",""
"050205","ἐν",""
"050205","Ἰερουσαλὴμ","TRUE,GPE"
"050205","κατοικοῦντες",""
"050205","Ἰουδαῖοι","TRUE,GROUP"
"050205","ἄνδρες",""
"050205","εὐλαβεῖς",""
"050205","ἀπὸ",""
"050205","παντὸς",""
"050205","ἔθνους",""
"050205","τῶν",""
"050205","ὑπὸ",""
"050205","τὸν",""
"050205","οὐρανόν",""
"050206","γενομένης",""
"050206","δὲ",""
"050206","τῆς",""
"050206","φωνῆς",""
"050206","ταύτης",""
"050206","συνῆλθε",""
"050206","τὸ",""
"050206","πλῆθος",""
"050206","καὶ",""
"050206","συνεχύθη",""
"050206","ὅτι",""
"050206","ἤκουον",""
"050206","εἷς",""
"050206","ἕκαστος",""
"050206","τῇ",""
"050206","ἰδίᾳ",""
"050206","διαλέκτῳ",""
"050206","λαλούντων",""
"050206","αὐτῶν",""
"050207","ἐξίσταντο",""
"050207","δὲ",""
"050207","καὶ",""
"050207","ἐθαύμαζον",""
"050207","λέγοντες",""
"050207","Οὐχ",""
"050207","ἰδοὺ",""
"050207","πάντες",""
"050207","οὗτοί",""
"050207","εἰσιν",""
"050207","οἱ",""
"050207","λαλοῦντες",""
"050207","Γαλιλαῖοι","TRUE,LANG"
"050208","καὶ",""
"050208","πῶς",""
"050208","ἡμεῖς",""
"050208","ἀκούομεν",""
"050208","ἕκαστος",""
"050208","τῇ",""
"050208","ἰδίᾳ",""
"050208","διαλέκτῳ",""
"050208","ἡμῶν",""
"050208","ἐν",""
"050208","ᾗ",""
"050208","ἐγεννήθημεν",""
"050209","Πάρθοι","TRUE,GROUP"
"050209","καὶ",""
"050209","Μῆδοι","TRUE,GROUP"
"050209","καὶ",""
"050209","Ἐλαμῖται","TRUE,GROUP"
"050209","καὶ",""
"050209","οἱ",""
"050209","κατοικοῦντες",""
"050209","τὴν",""
"050209","Μεσοποταμίαν","TRUE,GPE"
"050209","Ἰουδαίαν","TRUE,GPE"
"050209","τε",""
"050209","καὶ",""
"050209","Καππαδοκίαν","TRUE,GPE"
"050209","Πόντον","TRUE,GPE"
"050209","καὶ",""
"050209","τὴν",""
"050209","Ἀσίαν","TRUE,GPE"
"050210","Φρυγίαν","TRUE,GPE"
"050210","τε",""
"050210","καὶ",""
"050210","Παμφυλίαν","TRUE,GPE"
"050210","Αἴγυπτον","TRUE,GPE"
"050210","καὶ",""
"050210","τὰ",""
"050210","μέρη",""
"050210","τῆς",""
"050210","Λιβύης","TRUE,GPE"
"050210","τῆς",""
"050210","κατὰ",""
"050210","Κυρήνην","TRUE,GPE"
"050210","καὶ",""
"050210","οἱ",""
"050210","ἐπιδημοῦντες",""
"050210","Ῥωμαῖοι","TRUE,GROUP"
"050211","Ἰουδαῖοί","TRUE,GROUP"
"050211","τε",""
"050211","καὶ",""
"050211","προσήλυτοι",""
"050211","Κρῆτες","TRUE,GROUP"
"050211","καὶ",""
"050211","Ἄραβες","TRUE,GROUP"
"050211","ἀκούομεν",""
"050211","λαλούντων",""
"050211","αὐτῶν",""
"050211","ταῖς",""
"050211","ἡμετέραις",""
"050211","γλώσσαις",""
"050211","τὰ",""
"050211","μεγαλεῖα",""
"050211","τοῦ",""
"050211","θεοῦ","TRUE,DIVINE"
"050212","ἐξίσταντο",""
"050212","δὲ",""
"050212","πάντες",""
"050212","καὶ",""
"050212","διηπόρουν",""
"050212","ἄλλος",""
"050212","πρὸς",""
"050212","ἄλλον",""
"050212","λέγοντες",""
"050212","Τί",""
"050212","θέλει",""
"050212","τοῦτο",""
"050212","εἶναι",""
"050213","ἕτεροι",""
"050213","δὲ",""
"050213","διαχλευάζοντες",""
"050213","ἔλεγον",""
"050213","ὅτι",""
"050213","Γλεύκους",""
"050213","μεμεστωμένοι",""
"050213","εἰσίν",""
050214","Σταθεὶς",""
"050214","δὲ",""
"050214","ὁ",""
"050214","Πέτρος","TRUE,PERSON"
"050214","σὺν",""
"050214","τοῖς",""
"050214","ἕνδεκα",""
"050214","ἐπῆρεν",""
"050214","τὴν",""
"050214","φωνὴν",""
"050214","αὐτοῦ",""
"050214","καὶ",""
"050214","ἀπεφθέγξατο",""
"050214","αὐτοῖς",""
"050214","Ἄνδρες",""
"050214","Ἰουδαῖοι","TRUE,GROUP"
"050214","καὶ",""
"050214","οἱ",""
"050214","κατοικοῦντες",""
"050214","Ἰερουσαλὴμ","TRUE,GPE"
"050214","πάντες",""
"050214","τοῦτο",""
"050214","ὑμῖν",""
"050214","γνωστὸν",""
"050214","ἔστω",""
"050214","καὶ",""
"050214","ἐνωτίσασθε",""
"050214","τὰ",""
"050214","ῥήματά",""
"050214","μου",""
"050215","οὐ",""
"050215","γὰρ",""
"050215","ὡς",""
"050215","ὑμεῖς",""
"050215","ὑπολαμβάνετε",""
"050215","οὗτοι",""
"050215","μεθύουσιν",""
"050215","ἔστιν",""
"050215","γὰρ",""
"050215","ὥρα",""
"050215","τρίτη",""
"050215","τῆς",""
"050215","ἡμέρας",""
"050216","ἀλλὰ",""
"050216","τοῦτό",""
"050216","ἐστιν",""
"050216","τὸ",""
"050216","εἰρημένον",""
"050216","διὰ",""
"050216","τοῦ",""
"050216","προφήτου",""
"050216","Ἰωήλ","TRUE,PERSON"
"050217","Καὶ",""
"050217","ἔσται",""
"050217","ἐν",""
"050217","ταῖς",""
"050217","ἐσχάταις",""
"050217","ἡμέραις",""
"050217","λέγει",""
"050217","ὁ",""
"050217","θεός","TRUE,DIVINE"
"050217","ἐκχεῶ",""
"050217","ἀπὸ",""
"050217","τοῦ",""
"050217","πνεύματός","TRUE,DIVINE"
"050217","μου",""
"050217","ἐπὶ",""
"050217","πᾶσαν",""
"050217","σάρκα",""
"050217","καὶ",""
"050217","προφητεύσουσιν",""
"050217","οἱ",""
"050217","υἱοὶ",""
"050217","ὑμῶν",""
"050217","καὶ",""
"050217","αἱ",""
"050217","θυγατέρες",""
"050217","ὑμῶν",""
"050217","καὶ",""
"050217","οἱ",""
"050217","νεανίσκοι",""
"050217","ὑμῶν",""
"050217","ὁράσεις",""
"050217","ὄψονται",""
"050217","καὶ",""
"050217","οἱ",""
"050217","πρεσβύτεροι",""
"050217","ὑμῶν",""
"050217","ἐνυπνίοις",""
"050217","ἐνυπνιασθήσονται",""
"050218","καί",""
"050218","γε",""
"050218","ἐπὶ",""
"050218","τοὺς",""
"050218","δούλους",""
"050218","μου",""
"050218","καὶ",""
"050218","ἐπὶ",""
"050218","τὰς",""
"050218","δούλας",""
"050218","μου",""
"050218","ἐν",""
"050218","ταῖς",""
"050218","ἡμέραις",""
"050218","ἐκείναις",""
"050218","ἐκχεῶ",""
"050218","ἀπὸ",""
"050218","τοῦ",""
"050218","πνεύματός","TRUE,DIVINE"
"050218","μου",""
"050218","καὶ",""
"050218","προφητεύσουσιν",""
"050219","καὶ",""
"050219","δώσω",""
"050219","τέρατα",""
"050219","ἐν",""
"050219","τῷ",""
"050219","οὐρανῷ",""
"050219","ἄνω",""
"050219","καὶ",""
"050219","σημεῖα",""
"050219","ἐπὶ",""
"050219","τῆς",""
"050219","γῆς",""
"050219","κάτω",""
"050219","αἷμα",""
"050219","καὶ",""
"050219","πῦρ",""
"050219","καὶ",""
"050219","ἀτμίδα",""
"050219","καπνοῦ",""
"050220","ὁ",""
"050220","ἥλιος",""
"050220","μεταστραφήσεται",""
"050220","εἰς",""
"050220","σκότος",""
"050220","καὶ",""
"050220","ἡ",""
"050220","σελήνη",""
"050220","εἰς",""
"050220","αἷμα",""
"050220","πρὶν",""
"050220","ἢ",""
"050220","ἐλθεῖν",""
"050220","ἡμέραν",""
"050220","κυρίου","TRUE,TITLE"
"050220","τὴν",""
"050220","μεγάλην",""
"050220","καὶ",""
"050220","ἐπιφανῆ",""
"050221","καὶ",""
"050221","ἔσται",""
"050221","πᾶς",""
"050221","ὃς",""
"050221","ἐὰν",""
"050221","ἐπικαλέσηται",""
"050221","τὸ",""
"050221","ὄνομα",""
"050221","κυρίου","TRUE,TITLE"
"050221","σωθήσεται",""
"050222","Ἄνδρες","TRUE,GROUP"
"050222","Ἰσραηλῖται","TRUE,GROUP"
"050222","ἀκούσατε",""
"050222","τοὺς",""
"050222","λόγους",""
"050222","τούτους",""
"050222","Ἰησοῦν","TRUE,PERSON"
"050222","τὸν",""
"050222","Ναζωραῖον","TRUE,TITLE"
"050222","ἄνδρα",""
"050222","ἀποδεδειγμένον",""
"050222","ἀπὸ",""
"050222","τοῦ",""
"050222","θεοῦ","TRUE,DIVINE"
"050222","εἰς",""
"050222","ὑμᾶς",""
"050222","δυνάμεσι",""
"050222","καὶ",""
"050222","τέρασι",""
"050222","καὶ",""
"050222","σημείοις",""
"050222","οἷς",""
"050222","ἐποίησεν",""
"050222","δι’",""
"050222","αὐτοῦ",""
"050222","ὁ",""
"050222","θεὸς","TRUE,DIVINE"
"050222","ἐν",""
"050222","μέσῳ",""
"050222","ὑμῶν",""
"050222","καθὼς",""
"050222","αὐτοὶ",""
"050222","οἴδατε",""
"050223","τοῦτον",""
"050223","τῇ",""
"050223","ὡρισμένῃ",""
"050223","βουλῇ",""
"050223","καὶ",""
"050223","προγνώσει",""
"050223","τοῦ",""
"050223","θεοῦ","TRUE,DIVINE"
"050223","ἔκδοτον",""
"050223","διὰ",""
"050223","χειρὸς",""
"050223","ἀνόμων",""
"050223","προσπήξαντες",""
"050223","ἀνείλατε",""
"050224","ὃν",""
"050224","ὁ",""
"050224","θεὸς","TRUE,DIVINE"
"050224","ἀνέστησεν",""
"050224","λύσας",""
"050224","τὰς",""
"050224","ὠδῖνας",""
"050224","τοῦ",""
"050224","θανάτου",""
"050224","καθότι",""
"050224","οὐκ",""
"050224","ἦν",""
"050224","δυνατὸν",""
"050224","κρατεῖσθαι",""
"050224","αὐτὸν",""
"050224","ὑπ’",""
"050224","αὐτοῦ",""
"050225","Δαυὶδ","TRUE,PERSON"
"050225","γὰρ",""
"050225","λέγει",""
"050225","εἰς",""
"050225","αὐτόν",""
"050225","Προορώμην",""
"050225","τὸν",""
"050225","κύριον","TRUE,TITLE"
"050225","ἐνώπιόν",""
"050225","μου",""
"050225","διὰ",""
"050225","παντός",""
"050225","ὅτι",""
"050225","ἐκ",""
"050225","δεξιῶν",""
"050225","μού",""
"050225","ἐστιν",""
"050225","ἵνα",""
"050225","μὴ",""
"050225","σαλευθῶ",""
"050226","διὰ",""
"050226","τοῦτο",""
"050226","ηὐφράνθη",""
"050226","ἡ",""
"050226","καρδία",""
"050226","μου",""
"050226","καὶ",""
"050226","ἠγαλλιάσατο",""
"050226","ἡ",""
"050226","γλῶσσά",""
"050226","μου",""
"050226","ἔτι",""
"050226","δὲ",""
"050226","καὶ",""
"050226","ἡ",""
"050226","σάρξ",""
"050226","μου",""
"050226","κατασκηνώσει",""
"050226","ἐπ’",""
"050226","ἐλπίδι",""
"050227","ὅτι",""
"050227","οὐκ",""
"050227","ἐγκαταλείψεις",""
"050227","τὴν",""
"050227","ψυχήν",""
"050227","μου",""
"050227","εἰς",""
"050227","ᾅδην","TRUE,LOC"
"050227","οὐδὲ",""
"050227","δώσεις",""
"050227","τὸν",""
"050227","ὅσιόν","TRUE,TITLE"
"050227","σου",""
"050227","ἰδεῖν",""
"050227","διαφθοράν",""
"050228","ἐγνώρισάς",""
"050228","μοι",""
"050228","ὁδοὺς",""
"050228","ζωῆς",""
"050228","πληρώσεις",""
"050228","με",""
"050228","εὐφροσύνης",""
"050228","μετὰ",""
"050228","τοῦ",""
"050228","προσώπου",""
"050228","σου",""
"050229","Ἄνδρες",""
"050229","ἀδελφοί",""
"050229","ἐξὸν",""
"050229","εἰπεῖν",""
"050229","μετὰ",""
"050229","παρρησίας",""
"050229","πρὸς",""
"050229","ὑμᾶς",""
"050229","περὶ",""
"050229","τοῦ",""
"050229","πατριάρχου",""
"050229","Δαυίδ","TRUE,PERSON"
"050229","ὅτι",""
"050229","καὶ",""
"050229","ἐτελεύτησεν",""
"050229","καὶ",""
"050229","ἐτάφη",""
"050229","καὶ",""
"050229","τὸ",""
"050229","μνῆμα",""
"050229","αὐτοῦ",""
"050229","ἔστιν",""
"050229","ἐν",""
"050229","ἡμῖν",""
"050229","ἄχρι",""
"050229","τῆς",""
"050229","ἡμέρας",""
"050229","ταύτης",""
"050230","προφήτης",""
"050230","οὖν",""
"050230","ὑπάρχων",""
"050230","καὶ",""
"050230","εἰδὼς",""
"050230","ὅτι",""
"050230","ὅρκῳ",""
"050230","ὤμοσεν",""
"050230","αὐτῷ",""
"050230","ὁ",""
"050230","θεὸς","TRUE,DIVINE"
"050230","ἐκ",""
"050230","καρποῦ",""
"050230","τῆς",""
"050230","ὀσφύος",""
"050230","αὐτοῦ",""
"050230","καθίσαι",""
"050230","ἐπὶ",""
"050230","τὸν",""
"050230","θρόνον",""
"050230","αὐτοῦ",""
"050231","προϊδὼν",""
"050231","ἐλάλησεν",""
"050231","περὶ",""
"050231","τῆς",""
"050231","ἀναστάσεως",""
"050231","τοῦ",""
"050231","χριστοῦ","TRUE,TITLE"
"050231","ὅτι",""
"050231","οὔτε",""
"050231","ἐγκατελείφθη",""
"050231","εἰς",""
"050231","ᾅδην","TRUE,LOC"
"050231","οὔτε",""
"050231","ἡ",""
"050231","σὰρξ",""
"050231","αὐτοῦ",""
"050231","εἶδεν",""
"050231","διαφθοράν",""
"050232","τοῦτον",""
"050232","τὸν",""
"050232","Ἰησοῦν","TRUE,PERSON"
"050232","ἀνέστησεν",""
"050232","ὁ",""
"050232","θεός","TRUE,DIVINE"
"050232","οὗ",""
"050232","πάντες",""
"050232","ἡμεῖς",""
"050232","ἐσμεν",""
"050232","μάρτυρες",""
"050233","τῇ",""
"050233","δεξιᾷ",""
"050233","οὖν",""
"050233","τοῦ",""
"050233","θεοῦ","TRUE,DIVINE"
"050233","ὑψωθεὶς",""
"050233","τήν",""
"050233","τε",""
"050233","ἐπαγγελίαν",""
"050233","τοῦ",""
"050233","πνεύματος","TRUE,DIVINE"
"050233","τοῦ",""
"050233","ἁγίου","TRUE,DIVINE"
"050233","λαβὼν",""
"050233","παρὰ",""
"050233","τοῦ",""
"050233","πατρὸς","TRUE,DIVINE"
"050233","ἐξέχεεν",""
"050233","τοῦτο",""
"050233","ὃ",""
"050233","ὑμεῖς",""
"050233","βλέπετε",""
"050233","καὶ",""
"050233","ἀκούετε",""
"050234","οὐ",""
"050234","γὰρ",""
"050234","Δαυὶδ","TRUE,PERSON"
"050234","ἀνέβη",""
"050234","εἰς",""
"050234","τοὺς",""
"050234","οὐρανούς",""
"050234","λέγει",""
"050234","δὲ",""
"050234","αὐτός",""
"050234","Εἶπεν",""
"050234","ὁ",""
"050234","κύριος","TRUE,TITLE"
"050234","τῷ",""
"050234","κυρίῳ","TRUE,TITLE"
"050234","μου",""
"050234","Κάθου",""
"050234","ἐκ",""
"050234","δεξιῶν",""
"050234","μου",""
"050235","ἕως",""
"050235","ἂν",""
"050235","θῶ",""
"050235","τοὺς",""
"050235","ἐχθρούς",""
"050235","σου",""
"050235","ὑποπόδιον",""
"050235","τῶν",""
"050235","ποδῶν",""
"050235","σου",""
"050236","ἀσφαλῶς",""
"050236","οὖν",""
"050236","γινωσκέτω",""
"050236","πᾶς",""
"050236","οἶκος",""
"050236","Ἰσραὴλ","TRUE,GROUP"
"050236","ὅτι",""
"050236","καὶ",""
"050236","κύριον","TRUE,TITLE"
"050236","αὐτὸν",""
"050236","καὶ",""
"050236","χριστὸν","TRUE,TITLE"
"050236","ἐποίησεν",""
"050236","ὁ",""
"050236","θεός","TRUE,DIVINE"
"050236","τοῦτον",""
"050236","τὸν",""
"050236","Ἰησοῦν","TRUE,PERSON"
"050236","ὃν",""
"050236","ὑμεῖς",""
"050236","ἐσταυρώσατε",""
"050237","Ἀκούσαντες",""
"050237","δὲ",""
"050237","κατενύγησαν",""
"050237","τὴν",""
"050237","καρδίαν",""
"050237","εἶπόν",""
"050237","τε",""
"050237","πρὸς",""
"050237","τὸν",""
"050237","Πέτρον","TRUE,PERSON"
"050237","καὶ",""
"050237","τοὺς",""
"050237","λοιποὺς",""
"050237","ἀποστόλους","TRUE,GROUP"
"050237","Τί",""
"050237","ποιήσωμεν",""
"050237","ἄνδρες",""
"050237","ἀδελφοί",""
"050238","Πέτρος","TRUE,PERSON"
"050238","δὲ",""
"050238","πρὸς",""
"050238","αὐτούς",""
"050238","Μετανοήσατε",""
"050238","καὶ",""
"050238","βαπτισθήτω",""
"050238","ἕκαστος",""
"050238","ὑμῶν",""
"050238","ἐπὶ",""
"050238","τῷ",""
"050238","ὀνόματι",""
"050238","Ἰησοῦ","TRUE,PERSON"
"050238","Χριστοῦ","TRUE,TITLE"
"050238","εἰς",""
"050238","ἄφεσιν",""
"050238","τῶν",""
"050238","ἁμαρτιῶν",""
"050238","ὑμῶν",""
"050238","καὶ",""
"050238","λήμψεσθε",""
"050238","τὴν",""
"050238","δωρεὰν",""
"050238","τοῦ",""
"050238","ἁγίου","TRUE,DIVINE"
"050238","πνεύματος","TRUE,DIVINE"
"050239","ὑμῖν",""
"050239","γάρ",""
"050239","ἐστιν",""
"050239","ἡ",""
"050239","ἐπαγγελία",""
"050239","καὶ",""
"050239","τοῖς",""
"050239","τέκνοις",""
"050239","ὑμῶν",""
"050239","καὶ",""
"050239","πᾶσι",""
"050239","τοῖς",""
"050239","εἰς",""
"050239","μακρὰν",""
"050239","ὅσους",""
"050239","ἂν",""
"050239","προσκαλέσηται",""
"050239","κύριος","TRUE,TITLE"
"050239","ὁ",""
"050239","θεὸς","TRUE,DIVINE"
"050239","ἡμῶν",""
"050240","ἑτέροις",""
"050240","τε",""
"050240","λόγοις",""
"050240","πλείοσιν",""
"050240","διεμαρτύρατο",""
"050240","καὶ",""
"050240","παρεκάλει",""
"050240","αὐτοὺς",""
"050240","λέγων",""
"050240","Σώθητε",""
"050240","ἀπὸ",""
"050240","τῆς",""
"050240","γενεᾶς","TRUE,GROUP"
"050240","τῆς",""
"050240","σκολιᾶς",""
"050240","ταύτης",""
"050241","οἱ",""
"050241","μὲν",""
"050241","οὖν",""
"050241","ἀποδεξάμενοι",""
"050241","τὸν",""
"050241","λόγον",""
"050241","αὐτοῦ",""
"050241","ἐβαπτίσθησαν",""
"050241","καὶ",""
"050241","προσετέθησαν",""
"050241","ἐν",""
"050241","τῇ",""
"050241","ἡμέρᾳ",""
"050241","ἐκείνῃ",""
"050241","ψυχαὶ",""
"050241","ὡσεὶ",""
"050241","τρισχίλιαι",""
"050242","ἦσαν",""
"050242","δὲ",""
"050242","προσκαρτεροῦντες",""
"050242","τῇ",""
"050242","διδαχῇ",""
"050242","τῶν",""
"050242","ἀποστόλων","TRUE,GROUP"
"050242","καὶ",""
"050242","τῇ",""
"050242","κοινωνίᾳ",""
"050242","τῇ",""
"050242","κλάσει",""
"050242","τοῦ",""
"050242","ἄρτου",""
"050242","καὶ",""
"050242","ταῖς",""
"050242","προσευχαῖς",""
"050243","Ἐγίνετο",""
"050243","δὲ",""
"050243","πάσῃ",""
"050243","ψυχῇ",""
"050243","φόβος",""
"050243","πολλά",""
"050243","τε",""
"050243","τέρατα",""
"050243","καὶ",""
"050243","σημεῖα",""
"050243","διὰ",""
"050243","τῶν",""
"050243","ἀποστόλων",""
"050243","ἐγίνετο",""
"050244","πάντες",""
"050244","δὲ",""
"050244","οἱ",""
"050244","πιστεύοντες",""
"050244","ἦσαν",""
"050244","ἐπὶ",""
"050244","τὸ",""
"050244","αὐτὸ",""
"050244","καὶ",""
"050244","εἶχον",""
"050244","ἅπαντα",""
"050244","κοινά",""
"050245","καὶ",""
"050245","τὰ",""
"050245","κτήματα",""
"050245","καὶ",""
"050245","τὰς",""
"050245","ὑπάρξεις",""
"050245","ἐπίπρασκον",""
"050245","καὶ",""
"050245","διεμέριζον",""
"050245","αὐτὰ",""
"050245","πᾶσιν",""
"050245","καθότι",""
"050245","ἄν",""
"050245","τις",""
"050245","χρείαν",""
"050245","εἶχεν",""
"050246","καθ’",""
"050246","ἡμέραν",""
"050246","τε",""
"050246","προσκαρτεροῦντες",""
"050246","ὁμοθυμαδὸν",""
"050246","ἐν",""
"050246","τῷ",""
"050246","ἱερῷ",""
"050246","κλῶντές",""
"050246","τε",""
"050246","κατ’",""
"050246","οἶκον",""
"050246","ἄρτον",""
"050246","μετελάμβανον",""
"050246","τροφῆς",""
"050246","ἐν",""
"050246","ἀγαλλιάσει",""
"050246","καὶ",""
"050246","ἀφελότητι",""
"050246","καρδίας",""
"050247","αἰνοῦντες",""
"050247","τὸν",""
"050247","θεὸν","TRUE,DIVINE"
"050247","καὶ",""
"050247","ἔχοντες",""
"050247","χάριν",""
"050247","πρὸς",""
"050247","ὅλον",""
"050247","τὸν",""
"050247","λαόν",""
"050247","ὁ",""
"050247","δὲ",""
"050247","κύριος","TRUE,TITLE"
"050247","προσετίθει",""
"050247","τοὺς",""
"050247","σῳζομένους",""
"050247","καθ’",""
"050247","ἡμέραν",""
"050247","ἐπὶ",""
"050247","τὸ",""
"050247","αὐτό",""
"050301","Πέτρος","TRUE,PERSON"
"050301","δὲ",""
"050301","καὶ",""
"050301","Ἰωάννης","TRUE,PERSON"
"050301","ἀνέβαινον",""
"050301","εἰς",""
"050301","τὸ",""
"050301","ἱερὸν",""
"050301","ἐπὶ",""
"050301","τὴν",""
"050301","ὥραν","TRUE,TIME"
"050301","τῆς","TRUE,TIME"
"050301","προσευχῆς","TRUE,TIME"
"050301","τὴν",""
"050301","ἐνάτην",""
"050302","καί",""
"050302","τις",""
"050302","ἀνὴρ",""
"050302","χωλὸς",""
"050302","ἐκ",""
"050302","κοιλίας",""
"050302","μητρὸς",""
"050302","αὐτοῦ",""
"050302","ὑπάρχων",""
"050302","ἐβαστάζετο",""
"050302","ὃν",""
"050302","ἐτίθουν",""
"050302","καθ’",""
"050302","ἡμέραν",""
"050302","πρὸς",""
"050302","τὴν",""
"050302","θύραν",""
"050302","τοῦ",""
"050302","ἱεροῦ",""
"050302","τὴν",""
"050302","λεγομένην",""
"050302","Ὡραίαν","TRUE,LOC"
"050302","τοῦ",""
"050302","αἰτεῖν",""
"050302","ἐλεημοσύνην",""
"050302","παρὰ",""
"050302","τῶν",""
"050302","εἰσπορευομένων",""
"050302","εἰς",""
"050302","τὸ",""
"050302","ἱερόν",""
"050303","ὃς",""
"050303","ἰδὼν",""
"050303","Πέτρον","TRUE,PERSON"
"050303","καὶ",""
"050303","Ἰωάννην","TRUE,PERSON"
"050303","μέλλοντας",""
"050303","εἰσιέναι",""
"050303","εἰς",""
"050303","τὸ",""
"050303","ἱερὸν",""
"050303","ἠρώτα",""
"050303","ἐλεημοσύνην",""
"050303","λαβεῖν",""
"050304","ἀτενίσας",""
"050304","δὲ",""
"050304","Πέτρος","TRUE,PERSON"
"050304","εἰς",""
"050304","αὐτὸν",""
"050304","σὺν",""
"050304","τῷ",""
"050304","Ἰωάννῃ","TRUE,PERSON"
"050304","εἶπεν",""
"050304","Βλέψον",""
"050304","εἰς",""
"050304","ἡμᾶς",""
"050305","ὁ",""
"050305","δὲ",""
"050305","ἐπεῖχεν",""
"050305","αὐτοῖς",""
"050305","προσδοκῶν",""
"050305","τι",""
"050305","παρ’",""
"050305","αὐτῶν",""
"050305","λαβεῖν",""
"050306","εἶπεν",""
"050306","δὲ",""
"050306","Πέτρος","TRUE,PERSON"
"050306","Ἀργύριον",""
"050306","καὶ",""
"050306","χρυσίον",""
"050306","οὐχ",""
"050306","ὑπάρχει",""
"050306","μοι",""
"050306","ὃ",""
"050306","δὲ",""
"050306","ἔχω",""
"050306","τοῦτό",""
"050306","σοι",""
"050306","δίδωμι",""
"050306","ἐν",""
"050306","τῷ",""
"050306","ὀνόματι",""
"050306","Ἰησοῦ","TRUE,PERSON"
"050306","Χριστοῦ","TRUE,TITLE"
"050306","τοῦ",""
"050306","Ναζωραίου","TRUE,TITLE"
"050306","περιπάτει",""
"050307","καὶ",""
"050307","πιάσας",""
"050307","αὐτὸν",""
"050307","τῆς",""
"050307","δεξιᾶς",""
"050307","χειρὸς",""
"050307","ἤγειρεν",""
"050307","αὐτόν",""
"050307","παραχρῆμα",""
"050307","δὲ",""
"050307","ἐστερεώθησαν",""
"050307","αἱ",""
"050307","βάσεις",""
"050307","αὐτοῦ",""
"050307","καὶ",""
"050307","τὰ",""
"050307","σφυδρά",""
"050308","καὶ",""
"050308","ἐξαλλόμενος",""
"050308","ἔστη",""
"050308","καὶ",""
"050308","περιεπάτει",""
"050308","καὶ",""
"050308","εἰσῆλθεν",""
"050308","σὺν",""
"050308","αὐτοῖς",""
"050308","εἰς",""
"050308","τὸ",""
"050308","ἱερὸν",""
"050308","περιπατῶν",""
"050308","καὶ",""
"050308","ἁλλόμενος",""
"050308","καὶ",""
"050308","αἰνῶν",""
"050308","τὸν",""
"050308","θεόν","TRUE,DIVINE"
"050309","καὶ",""
"050309","εἶδεν",""
"050309","πᾶς",""
"050309","ὁ",""
"050309","λαὸς",""
"050309","αὐτὸν",""
"050309","περιπατοῦντα",""
"050309","καὶ",""
"050309","αἰνοῦντα",""
"050309","τὸν",""
"050309","θεόν","TRUE,DIVINE"
"050310","ἐπεγίνωσκον",""
"050310","δὲ",""
"050310","αὐτὸν",""
"050310","ὅτι",""
"050310","οὗτος",""
"050310","ἦν",""
"050310","ὁ",""
"050310","πρὸς",""
"050310","τὴν",""
"050310","ἐλεημοσύνην",""
"050310","καθήμενος",""
"050310","ἐπὶ",""
"050310","τῇ",""
"050310","Ὡραίᾳ","TRUE,LOC"
"050310","Πύλῃ",""
"050310","τοῦ",""
"050310","ἱεροῦ",""
"050310","καὶ",""
"050310","ἐπλήσθησαν",""
"050310","θάμβους",""
"050310","καὶ",""
"050310","ἐκστάσεως",""
"050310","ἐπὶ",""
"050310","τῷ",""
"050310","συμβεβηκότι",""
"050310","αὐτῷ",""
"050311","Κρατοῦντος",""
"050311","δὲ",""
"050311","αὐτοῦ",""
"050311","τὸν",""
"050311","Πέτρον","TRUE,PERSON"
"050311","καὶ",""
"050311","τὸν",""
"050311","Ἰωάννην","TRUE,PERSON"
"050311","συνέδραμεν",""
"050311","πᾶς",""
"050311","ὁ",""
"050311","λαὸς",""
"050311","πρὸς",""
"050311","αὐτοὺς",""
"050311","ἐπὶ",""
"050311","τῇ",""
"050311","στοᾷ",""
"050311","τῇ",""
"050311","καλουμένῃ",""
"050311","Σολομῶντος","TRUE,LOC"
"050311","ἔκθαμβοι",""
"050312","ἰδὼν",""
"050312","δὲ",""
"050312","ὁ",""
"050312","Πέτρος","TRUE,PERSON"
"050312","ἀπεκρίνατο",""
"050312","πρὸς",""
"050312","τὸν",""
"050312","λαόν",""
"050312","Ἄνδρες","TRUE,GROUP"
"050312","Ἰσραηλῖται","TRUE,GROUP"
"050312","τί",""
"050312","θαυμάζετε",""
"050312","ἐπὶ",""
"050312","τούτῳ",""
"050312","ἢ",""
"050312","ἡμῖν",""
"050312","τί",""
"050312","ἀτενίζετε",""
"050312","ὡς",""
"050312","ἰδίᾳ",""
"050312","δυνάμει",""
"050312","ἢ",""
"050312","εὐσεβείᾳ",""
"050312","πεποιηκόσιν",""
"050312","τοῦ",""
"050312","περιπατεῖν",""
"050312","αὐτόν",""
"050313","ὁ",""
"050313","θεὸς","TRUE,DIVINE"
"050313","Ἀβραὰμ","TRUE,PERSON"
"050313","καὶ",""
"050313","Ἰσαὰκ","TRUE,PERSON"
"050313","καὶ",""
"050313","Ἰακώβ","TRUE,PERSON"
"050313","ὁ",""
"050313","θεὸς","TRUE,DIVINE"
"050313","τῶν",""
"050313","πατέρων",""
"050313","ἡμῶν",""
"050313","ἐδόξασεν",""
"050313","τὸν",""
"050313","παῖδα",""
"050313","αὐτοῦ",""
"050313","Ἰησοῦν","TRUE,PERSON"
"050313","ὃν",""
"050313","ὑμεῖς",""
"050313","μὲν",""
"050313","παρεδώκατε",""
"050313","καὶ",""
"050313","ἠρνήσασθε",""
"050313","κατὰ",""
"050313","πρόσωπον",""
"050313","Πιλάτου","TRUE,PERSON"
"050313","κρίναντος",""
"050313","ἐκείνου",""
"050313","ἀπολύειν",""
"050314","ὑμεῖς",""
"050314","δὲ",""
"050314","τὸν",""
"050314","ἅγιον","TRUE,TITLE"
"050314","καὶ","TRUE,TITLE"
"050314","δίκαιον","TRUE,TITLE"
"050314","ἠρνήσασθε",""
"050314","καὶ",""
"050314","ᾐτήσασθε",""
"050314","ἄνδρα",""
"050314","φονέα",""
"050314","χαρισθῆναι",""
"050314","ὑμῖν",""
"050315","τὸν",""
"050315","δὲ",""
"050315","ἀρχηγὸν","TRUE,TITLE"
"050315","τῆς","TRUE,TITLE"
"050315","ζωῆς","TRUE,TITLE"
"050315","ἀπεκτείνατε",""
"050315","ὃν",""
"050315","ὁ",""
"050315","θεὸς","TRUE,DIVINE"
"050315","ἤγειρεν",""
"050315","ἐκ",""
"050315","νεκρῶν",""
"050315","οὗ",""
"050315","ἡμεῖς",""
"050315","μάρτυρές",""
"050315","ἐσμεν",""
"050316","καὶ",""
"050316","ἐπὶ",""
"050316","τῇ",""
"050316","πίστει",""
"050316","τοῦ",""
"050316","ὀνόματος",""
"050316","αὐτοῦ",""
"050316","τοῦτον",""
"050316","ὃν",""
"050316","θεωρεῖτε",""
"050316","καὶ",""
"050316","οἴδατε",""
"050316","ἐστερέωσεν",""
"050316","τὸ",""
"050316","ὄνομα",""
"050316","αὐτοῦ",""
"050316","καὶ",""
"050316","ἡ",""
"050316","πίστις",""
"050316","ἡ",""
"050316","δι’",""
"050316","αὐτοῦ",""
"050316","ἔδωκεν",""
"050316","αὐτῷ",""
"050316","τὴν",""
"050316","ὁλοκληρίαν",""
"050316","ταύτην",""
"050316","ἀπέναντι",""
"050316","πάντων",""
"050316","ὑμῶν",""
"050317","Καὶ",""
"050317","νῦν",""
"050317","ἀδελφοί",""
"050317","οἶδα",""
"050317","ὅτι",""
"050317","κατὰ",""
"050317","ἄγνοιαν",""
"050317","ἐπράξατε",""
"050317","ὥσπερ",""
"050317","καὶ",""
"050317","οἱ",""
"050317","ἄρχοντες",""
"050317","ὑμῶν",""
"050318","ὁ",""
"050318","δὲ",""
"050318","θεὸς","TRUE,DIVINE"
"050318","ἃ",""
"050318","προκατήγγειλεν",""
"050318","διὰ",""
"050318","στόματος",""
"050318","πάντων",""
"050318","τῶν",""
"050318","προφητῶν",""
"050318","παθεῖν",""
"050318","τὸν",""
"050318","χριστὸν","TRUE,TITLE"
"050318","αὐτοῦ",""
"050318","ἐπλήρωσεν",""
"050318","οὕτως",""
"050319","μετανοήσατε",""
"050319","οὖν",""
"050319","καὶ",""
"050319","ἐπιστρέψατε",""
"050319","πρὸς",""
"050319","τὸ",""
"050319","ἐξαλειφθῆναι",""
"050319","ὑμῶν",""
"050319","τὰς",""
"050319","ἁμαρτίας",""
"050320","ὅπως",""
"050320","ἂν",""
"050320","ἔλθωσιν",""
"050320","καιροὶ",""
"050320","ἀναψύξεως",""
"050320","ἀπὸ",""
"050320","προσώπου",""
"050320","τοῦ",""
"050320","κυρίου","TRUE,TITLE"
"050320","καὶ",""
"050320","ἀποστείλῃ",""
"050320","τὸν",""
"050320","προκεχειρισμένον",""
"050320","ὑμῖν",""
"050320","χριστὸν","TRUE,TITLE"
"050320","Ἰησοῦν","TRUE,PERSON"
"050321","ὃν",""
"050321","δεῖ",""
"050321","οὐρανὸν",""
"050321","μὲν",""
"050321","δέξασθαι",""
"050321","ἄχρι",""
"050321","χρόνων",""
"050321","ἀποκαταστάσεως",""
"050321","πάντων",""
"050321","ὧν",""
"050321","ἐλάλησεν",""
"050321","ὁ",""
"050321","θεὸς","TRUE,DIVINE"
"050321","διὰ",""
"050321","στόματος",""
"050321","τῶν",""
"050321","ἁγίων",""
"050321","ἀπ’",""
"050321","αἰῶνος",""
"050321","αὐτοῦ",""
"050321","προφητῶν",""
"050322","Μωϋσῆς","TRUE,PERSON"
"050322","μὲν",""
"050322","εἶπεν",""
"050322","ὅτι",""
"050322","Προφήτην",""
"050322","ὑμῖν",""
"050322","ἀναστήσει",""
"050322","κύριος","TRUE,TITLE"
"050322","ὁ",""
"050322","θεὸς","TRUE,DIVINE"
"050322","ἐκ",""
"050322","τῶν",""
"050322","ἀδελφῶν",""
"050322","ὑμῶν",""
"050322","ὡς",""
"050322","ἐμέ",""
"050322","αὐτοῦ",""
"050322","ἀκούσεσθε",""
"050322","κατὰ",""
"050322","πάντα",""
"050322","ὅσα",""
"050322","ἂν",""
"050322","λαλήσῃ",""
"050322","πρὸς",""
"050322","ὑμᾶς",""
"050323","ἔσται",""
"050323","δὲ",""
"050323","πᾶσα",""
"050323","ψυχὴ",""
"050323","ἥτις",""
"050323","ἂν",""
"050323","μὴ",""
"050323","ἀκούσῃ",""
"050323","τοῦ",""
"050323","προφήτου",""
"050323","ἐκείνου",""
"050323","ἐξολεθρευθήσεται",""
"050323","ἐκ",""
"050323","τοῦ",""
"050323","λαοῦ",""
"050324","καὶ",""
"050324","πάντες",""
"050324","δὲ",""
"050324","οἱ",""
"050324","προφῆται",""
"050324","ἀπὸ",""
"050324","Σαμουὴλ","TRUE,PERSON"
"050324","καὶ",""
"050324","τῶν",""
"050324","καθεξῆς",""
"050324","ὅσοι",""
"050324","ἐλάλησαν",""
"050324","καὶ",""
"050324","κατήγγειλαν",""
"050324","τὰς",""
"050324","ἡμέρας",""
"050324","ταύτας",""
"050325","ὑμεῖς",""
"050325","ἐστε",""
"050325","οἱ",""
"050325","υἱοὶ",""
"050325","τῶν",""
"050325","προφητῶν",""
"050325","καὶ",""
"050325","τῆς",""
"050325","διαθήκης",""
"050325","ἧς",""
"050325","διέθετο",""
"050325","ὁ",""
"050325","θεὸς","TRUE,DIVINE"
"050325","πρὸς",""
"050325","τοὺς",""
"050325","πατέρας",""
"050325","ὑμῶν",""
"050325","λέγων",""
"050325","πρὸς",""
"050325","Ἀβραάμ","TRUE,PERSON"
"050325","Καὶ",""
"050325","ἐν",""
"050325","τῷ",""
"050325","σπέρματί",""
"050325","σου",""
"050325","ἐνευλογηθήσονται",""
"050325","πᾶσαι",""
"050325","αἱ",""
"050325","πατριαὶ",""
"050325","τῆς",""
"050325","γῆς",""
"050326","ὑμῖν",""
"050326","πρῶτον",""
"050326","ἀναστήσας",""
"050326","ὁ",""
"050326","θεὸς","TRUE,DIVINE"
"050326","τὸν",""
"050326","παῖδα",""
"050326","αὐτοῦ",""
"050326","ἀπέστειλεν",""
"050326","αὐτὸν",""
"050326","εὐλογοῦντα",""
"050326","ὑμᾶς",""
"050326","ἐν",""
"050326","τῷ",""
"050326","ἀποστρέφειν",""
"050326","ἕκαστον",""
"050326","ἀπὸ",""
"050326","τῶν",""
"050326","πονηριῶν",""
"050326","ὑμῶν",""